SQL> select name from emp where designation in (select designation from emp where empcode=100);

NAME                                                                            
----------                                                                      
RAJESH                                                                          
MANISH                                                                          
RAKESH                                                                          
RAKESH                                                                          
RAJ                                                                             
SHASH                                                                           

6 rows selected.

SQL> select name from emp where reports_to in (select empcode from emp where name='VIJAY');

NAME                                                                            
----------                                                                      
VIJAY                                                                           

SQL> select empcode,name from emp where reports_to in (select empcode from emp where name='VIJAY');

   EMPCODE NAME                                                                 
---------- ----------                                                           
       102 VIJAY                                                                

SQL> select reports_to from emp;

REPORTS_TO                                                                      
----------                                                                      
                                                                                
       106                                                                      
       110                                                                      
       110                                                                      
       110                                                                      
       102                                                                      
       101                                                                      
       104                                                                      
       101                                                                      
       101                                                                      
       104                                                                      

REPORTS_TO                                                                      
----------                                                                      
       104                                                                      
       108                                                                      
       108                                                                      

14 rows selected.

SQL> select name,designation,email from emp natural join work_exp where prjid in (select prjid from work_exp where empcode=102)
  2  ;

NAME       DESIGNATION          EMAIL                                           
---------- -------------------- ------------------------------                  
RAJESH     DEVELOPER            rajesh@digisol.com                              
RAVI       PROJECT LEADER       ravi@digisol.com                                
VIJAY      PROJECT MANAGER      vijay@digisol.com                               
VIJAY      PROJECT MANAGER      vijay@digisol.com                               
MANISH     DEVELOPER            manish@digisol.com                              
AJAY       TECHNICAL HEAD       ajay@digisol.com                                

6 rows selected.

SQL> select name,designation,email from emp natural join work_exp where name!='VIJAY' and prjid in (select prjid from work_exp where empcode=102);

NAME       DESIGNATION          EMAIL                                           
---------- -------------------- ------------------------------                  
RAJESH     DEVELOPER            rajesh@digisol.com                              
RAVI       PROJECT LEADER       ravi@digisol.com                                
MANISH     DEVELOPER            manish@digisol.com                              
AJAY       TECHNICAL HEAD       ajay@digisol.com                                

SQL> select name from emp join family_dependents on emp.empcode = family_dependents.empno where relationship in (select relationship from family_dependents where relationship='DAUGHTER');

NAME                                                                            
----------                                                                      
RAJESH                                                                          
RAVI                                                                            

SQL> select name from emp e join prj_details p on e.empcode = p.lead_by_empcode where prj_name not in (select prj_name from prj_details where prj_name='SPYDER');

NAME                                                                            
----------                                                                      
VIJAY                                                                           
PRSAD                                                                           
AJAY                                                                            
BHASKAR                                                                         
BHASKAR                                                                         
BHASKAR                                                                         

6 rows selected.

SQL> select distinct name from emp e join prj_details p on e.empcode = p.lead_by_empcode where prj_name not in (select prj_name from prj_details where prj_name='SPYDER');

NAME                                                                            
----------                                                                      
BHASKAR                                                                         
AJAY                                                                            
VIJAY                                                                           
PRSAD                                                                           

SQL> select distinct empcode from work_exp e join emp_skill s on e.empcode = s.empno where skillid> some (select distinct skillid from emp_skill e join work_exp w on e.empno=w.empcode where prjid='P1');

   EMPCODE                                                                      
----------                                                                      
       108                                                                      
       105                                                                      
       110                                                                      
       101                                                                      
       100                                                                      
       102                                                                      
       106                                                                      

7 rows selected.

SQL> select name from emp natural join work_exp where prjid= 'P1' and work_experience > all (select work_experience from work_exp where prjid = 'P2');

NAME                                                                            
----------                                                                      
RAJESH                                                                          

SQL> spool off

SQL> select name from WORK_EXP natural join emp where prjid in (select prjid from work_exp where empcode = 100)
  2  and client_id in (select client_id from work_exp where empcode = 100);

NAME                                                                            
----------                                                                      
PRSAD                                                                           
RAVI                                                                            
VIJAY                                                                           
RAJESH                                                                          
RAJESH                                                                          

SQL> select empcode from WORK_EXP minus select empcode from WORK_EXP where prjid in (select prjid from WORK_EXP where empcode = 106);

   EMPCODE                                                                      
----------                                                                      
       101                                                                      
       102                                                                      
       105                                                                      
       108                                                                      
       111                                                                      

SQL> select prjid from (select prjid, sum(salary) sum from EMP natural join WORK_EXP group by prjid) natural join PRJ_DETAILS p where sum < budget_allocated;

PRJ                                                                             
---                                                                             
P1                                                                              
P2                                                                              
P3                                                                              
P4                                                                              
P5                                                                              

SQL> with t as (select prjid, count(*) count_emp from WORK_EXP w where rating in ('A', 'B') group by prjid)
  2  select prj_name, t.count_emp from PRJ_DETAILS p natural join t order by count_emp desc;

PRJ_NAME    COUNT_EMP                                                           
---------- ----------                                                           
SPYDER              3                                                           
APOLLO              2                                                           
JUPITOR             2                                                           
UNICORN             1                                                           
ZEUS                1                                                           

SQL> select prj_name, count(*) from WORK_EXP natural join PRJ_DETAILS group by prj_name having count(*) > 1;

PRJ_NAME     COUNT(*)                                                           
---------- ----------                                                           
APOLLO              3                                                           
ZEUS                2                                                           
UNICORN             2                                                           
JUPITOR             3                                                           
SPYDER              3                                                           

SQL> select name, count(*) from FAMILY_DEPENDENTS f join EMP on emp.empcode = f.empno group by name;

NAME         COUNT(*)                                                           
---------- ----------                                                           
RAVI                3                                                           
RAJESH              2                                                           

SQL> select sum(premium) from MEDICAL_POLICY;

SUM(PREMIUM)                                                                    
------------                                                                    
       53000                                                                    

SQL> with t as (select empno empcode, sum(skill_experience) tot_exp from EMP_SKILL group by empno)
  2  select name, tot_exp from EMP natural join t;

NAME          TOT_EXP                                                           
---------- ----------                                                           
RAJESH             25                                                           
RAVI               23                                                           
VIJAY              18                                                           
MANISH             23                                                           
PRSAD              32                                                           
AJAY               23                                                           
BHASKAR            34                                                           

7 rows selected.

SQL> create table EMP_PRJ as (select prj_name, budget_allocated, name from PRJ_DETAILS natural join WORK_EXP natural join EMP where lead_by_empcode = 110);

Table created.

SQL> update emp set salary = case
  2  when designation = 'DEVELOPER' then salary * 1.05
  3  when designation = 'PROJECT LEADER' then salary * 1.1
  4  else salary
  5  end;

14 rows updated.

SQL> create view EMP_SKILL_EXPERIENCE as (select name, skillname, skill_experience from EMP_SKILL es natural join SKILL join EMP e on e.empcode = es.empno where skill_experience >= 20);

View created.

SQL> create view EMP_DESIGNATION as select empcode, name, salary from EMP where designation in ('DEVELOPER', 'PROJECT LEADER');

View created.

SQL> select name, (select count(*) from WORK_EXP i where i.empcode = o.empcode) n_projects from EMP o;

NAME       N_PROJECTS                                                           
---------- ----------                                                           
PRSAD               2                                                           
BHASKAR             2                                                           
RAVI                1                                                           
KEER                0                                                           
RAJ                 0                                                           
VIJAY               2                                                           
ABHI                0                                                           
AJAY                1                                                           
RAJESH              2                                                           
MANISH              2                                                           
RAKESH              0                                                           

NAME       N_PROJECTS                                                           
---------- ----------                                                           
RAKESH              0                                                           
RAJ                 1                                                           
SHASH               0                                                           

14 rows selected.

SQL> spool off
